{
  "is_star": 0.4025704809286899,
  "is_terrestrial": 0.19282375998793908,
  "log_temperature": 0.1866048545153023,
  "has_surface": 0.1693049902005126,
  "is_asteroid": 0.08438866274687169,
  "has_water": 0.054161013116237,
  "log_radius": 0.02178501432232775,
  "is_moon": 0.021521181968943186,
  "eccentricity": 0.011344791195537477,
  "log_escape_velocity": 0.01100557816975726,
  "inclination_norm": 0.004899743705713851,
  "log_semi_major_axis": 0.002751394542439297,
  "log_period": 0.0026760138700437177,
  "log_surface_gravity": 0.002600633197648139,
  "log_mass": 0.0024498718528569072,
  "log_density": 0.0022991105080657492,
  "gas_fraction": 0.002223729835670133,
  "log_age": 0.00195989748228557,
  "rock_fraction": 0.001469923111714122,
  "metallicity": 0.000979948741142785,
  "albedo": 0.0005276647067692005,
  "log_luminosity": 0.0005276647067691634,
  "is_nebula": 0.0002261420171868478,
  "has_atmosphere": 0.00018845168098902132,
  "log_surface_pressure": 0.00011307100859336838,
  "has_magnetic_field": 0.0,
  "is_metal_rich": 0.0,
  "ice_fraction": 0.0,
  "is_giant": 0.0,
  "has_rings": -7.538067239557893e-05
}